metric,float32_mean,float32_sd,int8_mean,int8_sd,n_machines
test_accuracy,0.8704,0.0026,0.8472,0.0157,3
model_size_kB,460.5333,0.2055,124.0000,0.1633,3
latency_median_ms,0.2933,0.0613,0.8600,0.4121,3
latency_p99_ms,0.4967,0.3016,1.3500,0.7697,3
worst_class_recall,0.6556,0.0079,0.6611,0.0079,3

class,fp32_precision_mean,fp32_recall_mean,int8_precision_mean,int8_recall_mean
crazing,0.9071,0.9779,0.8949,0.9444
inclusion,0.7565,0.9668,0.7278,0.9501
patches,0.9356,0.8832,0.8888,0.8777
pitted_surface,0.9136,0.8221,0.8733,0.7722
rolled-in_scale,0.9374,0.9168,0.9464,0.8777
scratches,0.7973,0.6557,0.7881,0.6612